2017-02-10 05:23 PM,73.58,43.1
2017-02-10 05:25 PM,73.58,43.8
2017-02-10 05:26 PM,73.58,43.7
2017-02-10 05:27 PM,73.58,41.6
2017-02-10 05:28 PM,73.58,43.5
2017-02-10 05:29 PM,73.58,42.9
2017-02-10 05:30 PM,73.4,42.8
2017-02-10 05:31 PM,73.58,43.7
2017-02-10 05:32 PM,73.4,43.5
2017-02-10 05:33 PM,73.4,43.2
2017-02-10 05:34 PM,73.4,43.6
2017-02-10 05:35 PM,73.58,43.7
2017-02-10 05:36 PM,73.58,43.8
2017-02-10 05:37 PM,73.58,43.9
2017-02-10 05:38 PM,73.58,43.9
2017-02-10 05:39 PM,73.58,44.1
2017-02-10 05:40 PM,73.58,44.0
2017-02-10 05:41 PM,73.58,44.0
2017-02-10 05:42 PM,73.58,44.0
2017-02-10 05:43 PM,73.76,44.1
2017-02-10 05:44 PM,73.76,44.0
2017-02-10 05:45 PM,73.76,44.1
2017-02-10 05:46 PM,73.76,43.0
2017-02-10 05:47 PM,73.58,43.9
2017-02-10 05:48 PM,73.76,43.0
2017-02-10 05:49 PM,73.76,44.0
2017-02-10 05:50 PM,73.76,43.9
2017-02-10 05:51 PM,73.76,43.5
2017-02-10 05:52 PM,73.76,43.7
2017-02-10 05:53 PM,73.76,43.8
2017-02-10 05:54 PM,73.76,43.9
2017-02-10 05:55 PM,73.76,43.2
2017-02-10 05:56 PM,73.58,43.5
2017-02-10 05:57 PM,73.76,44.1
2017-02-10 05:58 PM,73.76,44.2
2017-02-10 05:59 PM,73.76,44.2
2017-02-10 06:00 PM,73.76,44.6
2017-02-10 06:01 PM,73.76,44.3
2017-02-10 06:02 PM,73.76,44.5
2017-02-10 06:03 PM,73.76,44.2
2017-02-10 06:04 PM,73.76,44.4
2017-02-10 06:05 PM,73.76,44.7
2017-02-10 06:06 PM,73.76,44.6
2017-02-10 06:07 PM,73.76,44.6
2017-02-10 06:08 PM,73.76,44.6
2017-02-10 06:09 PM,73.94,44.7
2017-02-10 06:10 PM,73.76,44.8
2017-02-10 06:11 PM,73.76,44.8
2017-02-10 06:12 PM,73.76,44.6
2017-02-10 06:13 PM,73.76,44.9
2017-02-10 06:14 PM,73.76,45.1
2017-02-10 06:15 PM,73.76,44.4
2017-02-10 06:16 PM,73.76,45.0
2017-02-10 06:17 PM,73.76,45.0
2017-02-10 06:18 PM,73.76,45.1
2017-02-10 06:19 PM,73.76,44.9
2017-02-10 06:20 PM,73.76,44.8
2017-02-10 06:21 PM,73.76,45.0
2017-02-10 06:22 PM,73.76,44.8
2017-02-10 06:23 PM,73.76,44.4
2017-02-10 06:24 PM,73.58,44.9
2017-02-10 06:25 PM,73.58,44.9
2017-02-10 06:26 PM,73.58,45.1
2017-02-10 06:27 PM,73.58,44.1
2017-02-10 06:28 PM,73.58,44.3
2017-02-10 06:29 PM,73.58,44.9
2017-02-10 06:30 PM,73.58,45.2
2017-02-10 06:31 PM,73.58,45.1
2017-02-10 06:32 PM,73.58,44.8
2017-02-10 06:33 PM,73.58,45.0
2017-02-10 06:34 PM,73.58,44.1
2017-02-10 06:35 PM,73.58,44.8
2017-02-10 06:36 PM,73.58,45.2
2017-02-10 06:37 PM,73.76,44.8
2017-02-10 06:38 PM,73.58,43.3
2017-02-10 06:39 PM,73.58,44.9
2017-02-10 06:40 PM,73.4,44.9
2017-02-10 06:41 PM,73.4,43.9
2017-02-10 06:42 PM,73.4,45.0
2017-02-10 06:43 PM,73.4,44.4
2017-02-10 06:44 PM,73.4,45.3
2017-02-10 06:46 PM,73.4,45.3
2017-02-10 06:47 PM,73.4,45.5
2017-02-10 06:48 PM,73.4,45.4
2017-02-10 06:49 PM,73.58,45.5
2017-02-10 06:50 PM,73.58,45.3
2017-02-10 06:51 PM,73.58,45.4
2017-02-10 06:52 PM,73.58,45.4
2017-02-10 06:53 PM,73.58,45.3
2017-02-10 06:54 PM,73.58,45.2
2017-02-10 06:55 PM,73.58,45.1
2017-02-10 06:56 PM,73.58,45.1
2017-02-10 06:57 PM,73.58,45.0
2017-02-10 06:58 PM,73.58,44.6
2017-02-10 06:59 PM,73.58,44.9
2017-02-10 07:00 PM,73.58,44.8
2017-02-10 07:01 PM,73.58,44.7
2017-02-10 07:02 PM,73.58,45.1
2017-02-10 07:03 PM,73.58,44.7
2017-02-10 07:04 PM,73.58,45.0
2017-02-10 07:05 PM,73.58,43.7
2017-02-10 07:06 PM,73.4,44.8
2017-02-10 07:07 PM,73.4,44.5
2017-02-10 07:08 PM,73.4,44.8
2017-02-10 07:09 PM,73.4,44.7
2017-02-10 07:10 PM,73.4,45.1
2017-02-10 07:11 PM,73.4,44.1
2017-02-10 07:12 PM,73.22,44.9
2017-02-10 07:13 PM,73.22,45.1
2017-02-10 07:14 PM,73.22,45.3
2017-02-10 07:15 PM,73.4,45.4
2017-02-10 07:16 PM,73.4,45.1
2017-02-10 07:17 PM,73.4,45.4
2017-02-10 07:18 PM,73.4,45.4
2017-02-10 07:19 PM,73.4,45.3
2017-02-10 07:20 PM,73.4,45.2
2017-02-10 07:21 PM,73.4,45.1
2017-02-10 07:22 PM,73.58,45.2
2017-02-10 07:23 PM,73.4,44.8
2017-02-10 07:24 PM,73.4,44.8
2017-02-10 07:25 PM,73.4,44.7
2017-02-10 07:26 PM,73.4,44.9
2017-02-10 07:27 PM,73.4,44.3
2017-02-10 07:28 PM,73.4,45.0
2017-02-10 07:29 PM,73.4,45.1
2017-02-10 07:30 PM,73.4,45.1
2017-02-10 07:31 PM,73.4,44.5
2017-02-10 07:32 PM,73.4,45.2
2017-02-10 07:33 PM,73.4,44.9
2017-02-10 07:34 PM,73.4,45.0
2017-02-10 07:35 PM,73.4,45.2
2017-02-10 07:36 PM,73.4,45.2
2017-02-10 07:37 PM,73.4,43.8
2017-02-10 07:38 PM,73.4,45.1
2017-02-10 07:39 PM,73.4,45.0
2017-02-10 07:40 PM,73.4,45.1
2017-02-10 07:41 PM,73.4,44.2
2017-02-10 07:42 PM,73.4,43.9
2017-02-10 07:43 PM,73.4,44.2
2017-02-10 07:44 PM,73.4,45.0
2017-02-10 07:45 PM,73.22,44.8
2017-02-10 07:46 PM,73.22,44.8
2017-02-10 07:47 PM,73.22,44.8
2017-02-10 07:48 PM,73.22,45.0
2017-02-10 07:49 PM,73.22,45.1
2017-02-10 07:50 PM,73.22,45.2
2017-02-10 07:51 PM,73.22,45.2
2017-02-10 07:52 PM,73.22,45.1
2017-02-10 07:53 PM,73.22,45.2
2017-02-10 07:54 PM,73.22,45.2
2017-02-10 07:55 PM,73.22,45.3
2017-02-10 07:56 PM,73.22,45.1
2017-02-10 07:57 PM,73.22,45.4
2017-02-10 07:58 PM,73.4,45.4
2017-02-10 07:59 PM,73.4,45.4
2017-02-10 08:00 PM,73.4,44.6
2017-02-10 08:01 PM,73.4,45.0
2017-02-10 08:02 PM,73.4,45.3
2017-02-10 08:03 PM,73.4,44.8
2017-02-10 08:04 PM,73.4,45.0
2017-02-10 08:05 PM,73.22,44.4
2017-02-10 08:06 PM,73.4,45.1
2017-02-10 08:07 PM,73.4,45.2
2017-02-10 08:09 PM,73.4,45.3
2017-02-10 08:10 PM,73.4,45.1
2017-02-10 08:11 PM,73.4,44.8
2017-02-10 08:12 PM,73.4,45.0
2017-02-10 08:13 PM,73.4,45.2
2017-02-10 08:14 PM,73.4,44.5
2017-02-10 08:15 PM,73.22,45.0
2017-02-10 08:16 PM,73.22,45.1
2017-02-10 08:17 PM,73.4,45.2
2017-02-10 08:18 PM,73.22,45.2
2017-02-10 08:19 PM,73.4,45.5
2017-02-10 08:20 PM,73.4,45.4
2017-02-10 08:21 PM,73.4,45.3
2017-02-10 08:22 PM,73.4,45.2
2017-02-10 08:23 PM,73.4,45.3
2017-02-10 08:24 PM,73.4,45.2
2017-02-10 08:25 PM,73.4,45.4
2017-02-10 08:26 PM,73.4,45.4
2017-02-10 08:27 PM,73.4,45.4
2017-02-10 08:28 PM,73.4,45.2
2017-02-10 08:29 PM,73.22,45.2
2017-02-10 08:30 PM,73.4,45.4
2017-02-10 08:31 PM,73.22,44.8
2017-02-10 08:32 PM,73.22,45.1
2017-02-10 08:33 PM,73.4,45.0
2017-02-10 08:34 PM,73.22,44.5
2017-02-10 08:35 PM,73.22,45.2
2017-02-10 08:36 PM,73.22,44.1
2017-02-10 08:37 PM,73.22,44.8
2017-02-10 08:38 PM,73.4,45.4
2017-02-10 08:39 PM,73.22,45.3
2017-02-10 08:40 PM,73.22,45.3
2017-02-10 08:41 PM,73.22,44.9
2017-02-10 08:42 PM,73.22,44.9
2017-02-10 08:43 PM,73.22,44.9
2017-02-10 08:44 PM,73.22,45.1
2017-02-10 08:45 PM,73.22,45.1
2017-02-10 08:46 PM,73.22,45.0
2017-02-10 08:47 PM,73.22,45.4
2017-02-10 08:48 PM,73.22,45.4
2017-02-10 08:49 PM,73.22,45.4
2017-02-10 08:50 PM,73.22,45.2
2017-02-10 08:51 PM,73.22,45.3
2017-02-10 08:52 PM,73.22,45.2
2017-02-10 08:53 PM,73.22,45.1
2017-02-10 08:54 PM,73.22,42.7
2017-02-10 08:55 PM,73.04,44.3
2017-02-10 08:56 PM,73.04,43.8
2017-02-10 08:57 PM,73.04,44.2
2017-02-10 08:58 PM,73.04,44.6
2017-02-10 08:59 PM,73.04,44.3
2017-02-10 09:00 PM,72.86,43.5
2017-02-10 09:01 PM,72.86,44.7
2017-02-10 09:02 PM,72.86,45.0
2017-02-10 09:03 PM,72.86,45.2
2017-02-10 09:04 PM,73.04,44.8
2017-02-10 09:05 PM,73.04,44.9
2017-02-10 09:06 PM,73.04,44.7
2017-02-10 09:07 PM,73.04,44.8
2017-02-10 09:08 PM,73.04,44.8
2017-02-10 09:09 PM,73.04,45.2
2017-02-10 09:10 PM,73.04,45.2
2017-02-10 09:11 PM,73.04,45.2
2017-02-10 09:12 PM,73.04,45.0
2017-02-10 09:13 PM,73.04,45.0
2017-02-10 09:14 PM,73.04,45.2
2017-02-10 09:15 PM,73.04,45.2
2017-02-10 09:16 PM,73.04,45.2
2017-02-10 09:17 PM,73.04,44.6
2017-02-10 09:18 PM,73.04,44.6
2017-02-10 09:19 PM,73.04,44.2
2017-02-10 09:20 PM,73.04,44.7
2017-02-10 09:21 PM,73.04,44.7
2017-02-10 09:22 PM,73.04,43.7
2017-02-10 09:23 PM,73.04,44.2
2017-02-10 09:24 PM,72.86,44.7
2017-02-10 09:25 PM,72.86,44.9
2017-02-10 09:26 PM,72.86,45.0
2017-02-10 09:27 PM,72.86,45.0
2017-02-10 09:28 PM,72.86,44.2
2017-02-10 09:29 PM,72.86,44.7
2017-02-10 09:31 PM,72.86,44.4
2017-02-10 09:32 PM,72.86,44.4
2017-02-10 09:33 PM,72.86,44.4
2017-02-10 09:34 PM,72.86,44.2
2017-02-10 09:35 PM,72.86,43.8
2017-02-10 09:36 PM,72.86,44.5
2017-02-10 09:37 PM,73.04,44.0
2017-02-10 09:38 PM,72.86,44.6
2017-02-10 09:39 PM,72.86,44.9
2017-02-10 09:40 PM,72.86,45.0
2017-02-10 09:41 PM,72.86,45.1
2017-02-10 09:42 PM,73.04,45.0
2017-02-10 09:43 PM,72.86,43.9
2017-02-10 09:44 PM,72.86,44.4
2017-02-10 09:45 PM,72.86,44.7
2017-02-10 09:46 PM,72.86,42.5
2017-02-10 09:47 PM,72.86,42.5
2017-02-10 09:48 PM,72.86,43.8
2017-02-10 09:49 PM,72.68,43.3
2017-02-10 09:50 PM,72.68,42.4
2017-02-10 09:51 PM,72.68,44.2
2017-02-10 09:52 PM,72.68,44.5
2017-02-10 09:53 PM,72.68,42.4
2017-02-10 09:54 PM,72.5,43.7
2017-02-10 09:55 PM,72.5,43.8
2017-02-10 09:56 PM,72.5,44.4
2017-02-10 09:57 PM,72.5,43.4
2017-02-10 09:58 PM,72.68,43.3
2017-02-10 09:59 PM,72.5,44.4
2017-02-10 10:00 PM,72.5,43.3
2017-02-10 10:01 PM,72.68,43.6
2017-02-10 10:02 PM,72.5,42.4
2017-02-10 10:03 PM,72.5,42.8
2017-02-10 10:04 PM,72.5,43.3
2017-02-10 10:05 PM,72.5,44.3
2017-02-10 10:06 PM,72.5,44.3
2017-02-10 10:07 PM,72.5,43.5
2017-02-10 10:08 PM,72.5,42.3
2017-02-10 10:09 PM,72.14,43.0
2017-02-10 10:10 PM,72.14,43.1
2017-02-10 10:11 PM,72.32,44.2
2017-02-10 10:12 PM,72.14,42.4
2017-02-10 10:13 PM,72.14,42.5
2017-02-10 10:14 PM,72.32,44.0
2017-02-10 10:15 PM,72.14,44.1
2017-02-10 10:16 PM,72.32,44.4
2017-02-10 10:17 PM,72.32,42.2
2017-02-10 10:18 PM,72.32,42.2
2017-02-10 10:19 PM,72.32,43.4
2017-02-10 10:20 PM,72.32,44.0
2017-02-10 10:21 PM,72.32,43.5
2017-02-10 10:22 PM,72.32,43.3
2017-02-10 10:23 PM,72.32,42.2
2017-02-10 10:24 PM,72.32,42.2
2017-02-10 10:25 PM,72.32,42.2
2017-02-10 10:26 PM,72.32,43.6
2017-02-10 10:27 PM,72.32,43.3
2017-02-10 10:28 PM,72.32,42.2
2017-02-10 10:29 PM,72.14,42.6
2017-02-10 10:30 PM,72.14,43.5
2017-02-10 10:31 PM,72.32,44.0
2017-02-10 10:32 PM,72.32,43.9
2017-02-10 10:33 PM,72.32,44.0
2017-02-10 10:34 PM,72.32,42.9
2017-02-10 10:35 PM,72.14,43.7
2017-02-10 10:36 PM,72.14,42.9
2017-02-10 10:37 PM,72.14,42.5
2017-02-10 10:38 PM,72.14,43.8
2017-02-10 10:39 PM,72.14,44.0
2017-02-10 10:40 PM,72.14,43.7
2017-02-10 10:41 PM,72.14,43.2
2017-02-10 10:42 PM,72.14,43.8
2017-02-10 10:43 PM,72.32,43.7
2017-02-10 10:44 PM,72.14,44.3
2017-02-10 10:45 PM,72.32,44.2
2017-02-10 10:46 PM,72.14,42.1
2017-02-10 10:47 PM,72.14,42.7
2017-02-10 10:49 PM,72.32,43.7
2017-02-10 10:50 PM,72.14,41.8
2017-02-10 10:51 PM,71.96,43.1
2017-02-10 10:52 PM,72.14,43.2
2017-02-10 10:53 PM,71.96,42.2
2017-02-10 10:54 PM,71.96,43.1
2017-02-10 10:55 PM,71.96,42.4
2017-02-10 10:56 PM,71.96,42.0
2017-02-10 10:57 PM,71.78,42.7
2017-02-10 10:58 PM,71.78,41.9
2017-02-10 10:59 PM,71.78,43.0
2017-02-10 11:00 PM,71.78,43.4
2017-02-10 11:01 PM,71.78,42.5
2017-02-10 11:02 PM,71.78,43.1
2017-02-10 11:03 PM,71.78,41.9
2017-02-10 11:04 PM,71.78,42.5
2017-02-10 11:05 PM,71.78,42.4
2017-02-10 11:06 PM,71.78,41.9
2017-02-10 11:07 PM,71.78,41.9
2017-02-10 11:08 PM,71.78,41.9
2017-02-10 11:09 PM,71.78,39.1
2017-02-10 11:10 PM,71.6,41.8
2017-02-10 11:11 PM,71.6,42.1
2017-02-10 11:12 PM,71.6,42.8
2017-02-10 11:13 PM,71.6,43.1
2017-02-10 11:14 PM,71.6,43.6
2017-02-10 11:15 PM,71.6,43.6
2017-02-10 11:16 PM,71.6,42.4
2017-02-10 11:17 PM,71.6,43.6
2017-02-10 11:18 PM,71.78,43.5
2017-02-10 11:19 PM,71.78,43.3
2017-02-10 11:20 PM,71.78,43.6
2017-02-10 11:21 PM,71.78,41.9
2017-02-10 11:22 PM,71.78,42.7
2017-02-10 11:23 PM,71.78,41.9
2017-02-10 11:24 PM,71.6,42.7
2017-02-10 11:25 PM,71.6,43.4
2017-02-10 11:26 PM,71.6,42.8
2017-02-10 11:27 PM,71.6,42.7
2017-02-10 11:28 PM,71.78,43.3
2017-02-10 11:29 PM,71.6,41.8
2017-02-10 11:30 PM,71.6,41.8
2017-02-10 11:31 PM,71.6,42.8
2017-02-10 11:32 PM,71.6,41.8
2017-02-10 11:33 PM,71.6,42.1
2017-02-10 11:34 PM,71.6,42.7
2017-02-10 11:35 PM,71.6,42.2
2017-02-10 11:36 PM,71.42,41.7
2017-02-10 11:37 PM,71.42,42.2
2017-02-10 11:38 PM,71.42,42.7
2017-02-10 11:39 PM,71.24,41.6
2017-02-10 11:40 PM,71.24,41.6
2017-02-10 11:41 PM,71.24,43.1
2017-02-10 11:42 PM,71.24,43.6
2017-02-10 11:43 PM,71.24,43.8
2017-02-10 11:44 PM,71.42,41.7
2017-02-10 11:45 PM,71.42,42.3
2017-02-10 11:46 PM,71.24,41.6
2017-02-10 11:47 PM,71.06,42.8
2017-02-10 11:48 PM,71.06,43.7
2017-02-10 11:49 PM,71.06,43.0
2017-02-10 11:50 PM,71.06,43.8
2017-02-10 11:51 PM,71.06,43.8
2017-02-10 11:52 PM,71.24,43.8
2017-02-10 11:53 PM,71.24,42.6
2017-02-10 11:54 PM,71.24,43.5
2017-02-10 11:55 PM,71.24,43.6
2017-02-10 11:56 PM,71.24,42.7
2017-02-10 11:57 PM,71.24,43.6
2017-02-10 11:58 PM,71.42,43.9
2017-02-10 11:59 PM,71.42,43.1
2017-02-11 12:00 AM,71.42,43.0
2017-02-11 12:01 AM,71.42,43.3
2017-02-11 12:02 AM,71.42,43.3
2017-02-11 12:03 AM,71.42,43.2
2017-02-11 12:04 AM,71.24,42.3
2017-02-11 12:05 AM,71.24,42.3
2017-02-11 12:06 AM,71.24,43.7
2017-02-11 12:07 AM,71.24,43.5
2017-02-11 12:08 AM,71.24,43.3
2017-02-11 12:09 AM,71.24,44.0
2017-02-11 12:10 AM,71.24,43.1
2017-02-11 12:11 AM,71.24,44.3
2017-02-11 12:12 AM,71.42,42.5
2017-02-11 12:13 AM,71.24,43.8
2017-02-11 12:14 AM,71.42,43.7
2017-02-11 12:15 AM,71.42,42.9
2017-02-11 12:16 AM,71.42,43.9
2017-02-11 12:17 AM,71.42,44.4
2017-02-11 12:18 AM,71.42,43.7
2017-02-11 12:20 AM,71.42,44.6
2017-02-11 12:21 AM,71.42,44.6
2017-02-11 12:22 AM,71.6,44.8
2017-02-11 12:23 AM,71.6,45.0
2017-02-11 12:24 AM,71.6,44.9
2017-02-11 12:25 AM,71.6,45.0
2017-02-11 12:26 AM,71.6,44.5
2017-02-11 12:27 AM,71.6,45.4
2017-02-11 12:28 AM,71.6,45.6
2017-02-11 12:29 AM,71.6,45.5
2017-02-11 12:30 AM,71.6,45.4
2017-02-11 12:31 AM,71.6,45.0
2017-02-11 12:32 AM,71.6,45.2
2017-02-11 12:33 AM,71.6,44.7
2017-02-11 12:34 AM,71.6,44.0
2017-02-11 12:35 AM,71.78,45.1
2017-02-11 12:36 AM,71.6,44.1
2017-02-11 12:37 AM,71.6,43.9
2017-02-11 12:38 AM,71.6,44.6
2017-02-11 12:39 AM,71.6,45.2
2017-02-11 12:40 AM,71.6,44.5
2017-02-11 12:41 AM,71.78,45.7
2017-02-11 12:42 AM,71.78,46.3
2017-02-11 12:43 AM,71.78,46.3
2017-02-11 12:44 AM,71.78,45.7
2017-02-11 12:45 AM,71.78,46.9
2017-02-11 12:46 AM,71.78,47.5
2017-02-11 12:47 AM,71.78,48.3
2017-02-11 12:48 AM,71.78,48.9
2017-02-11 12:49 AM,71.78,49.4
2017-02-11 12:50 AM,71.78,49.3
2017-02-11 12:51 AM,71.78,49.7
2017-02-11 12:52 AM,71.78,47.2
2017-02-11 12:53 AM,71.6,49.9
2017-02-11 12:54 AM,71.6,49.5
2017-02-11 12:55 AM,71.6,48.4
2017-02-11 12:56 AM,71.6,48.7
2017-02-11 12:57 AM,71.6,49.3
2017-02-11 12:58 AM,71.6,46.8
2017-02-11 12:59 AM,71.6,48.6
2017-02-11 01:00 AM,71.6,47.8
2017-02-11 01:01 AM,71.6,46.6
2017-02-11 01:02 AM,71.6,46.7
2017-02-11 01:03 AM,71.6,46.4
2017-02-11 01:04 AM,71.6,46.0
2017-02-11 01:05 AM,71.78,46.1
2017-02-11 01:06 AM,71.6,46.1
2017-02-11 01:07 AM,71.6,45.8
2017-02-11 01:08 AM,71.6,45.5
2017-02-11 01:09 AM,71.78,46.0
2017-02-11 01:10 AM,71.78,45.6
2017-02-11 01:11 AM,71.6,45.8
2017-02-11 01:12 AM,71.78,46.3
2017-02-11 01:13 AM,71.78,46.5
2017-02-11 01:14 AM,71.78,45.3
2017-02-11 01:15 AM,71.78,46.4
2017-02-11 01:16 AM,71.78,45.6
2017-02-11 01:17 AM,71.78,45.6
2017-02-11 01:18 AM,71.78,46.2
2017-02-11 01:19 AM,71.78,44.7
2017-02-11 01:20 AM,71.78,45.0
2017-02-11 01:21 AM,71.78,44.4
2017-02-11 01:22 AM,71.78,44.3
2017-02-11 01:23 AM,71.78,45.3
2017-02-11 01:24 AM,71.78,45.2
2017-02-11 01:25 AM,71.78,44.2
2017-02-11 01:26 AM,71.78,44.4
2017-02-11 01:27 AM,71.78,44.6
2017-02-11 01:28 AM,71.78,44.5
2017-02-11 01:29 AM,71.78,44.3
2017-02-11 01:30 AM,71.78,44.7
2017-02-11 01:31 AM,71.78,43.9
2017-02-11 01:32 AM,71.78,44.1
2017-02-11 01:33 AM,71.78,44.9
2017-02-11 01:34 AM,71.78,44.5
2017-02-11 01:35 AM,71.78,44.2
2017-02-11 01:36 AM,71.78,44.0
2017-02-11 01:37 AM,71.78,44.1
2017-02-11 01:38 AM,71.78,44.4
2017-02-11 01:39 AM,71.78,43.8
2017-02-11 01:40 AM,71.78,43.3
2017-02-11 01:41 AM,71.6,43.2
2017-02-11 01:42 AM,71.6,43.5
2017-02-11 01:43 AM,71.78,44.1
2017-02-11 01:44 AM,71.78,44.0
2017-02-11 01:45 AM,71.6,43.8
2017-02-11 01:46 AM,71.6,43.5
2017-02-11 01:47 AM,71.6,43.5
2017-02-11 01:48 AM,71.78,43.2
2017-02-11 01:50 AM,71.6,43.4
2017-02-11 01:51 AM,71.6,44.0
2017-02-11 01:52 AM,71.6,43.9
2017-02-11 01:53 AM,71.6,42.6
2017-02-11 01:54 AM,71.6,41.8
2017-02-11 01:55 AM,71.42,44.0
2017-02-11 01:56 AM,71.42,44.1
2017-02-11 01:57 AM,71.42,42.4
2017-02-11 01:58 AM,71.42,41.7
2017-02-11 01:59 AM,71.42,43.8
2017-02-11 02:00 AM,71.24,44.3
2017-02-11 02:01 AM,71.42,43.6
2017-02-11 02:02 AM,71.42,44.7
2017-02-11 02:03 AM,71.42,44.8
2017-02-11 02:04 AM,71.42,44.5
2017-02-11 02:05 AM,71.42,43.7
2017-02-11 02:06 AM,71.42,44.5
2017-02-11 02:07 AM,71.42,42.9
2017-02-11 02:08 AM,71.42,42.2
2017-02-11 02:09 AM,71.42,43.7
2017-02-11 02:10 AM,71.24,42.5
2017-02-11 02:11 AM,71.24,42.8
2017-02-11 02:12 AM,71.24,43.3
2017-02-11 02:13 AM,71.24,41.6
2017-02-11 02:14 AM,71.24,43.8
2017-02-11 02:15 AM,71.24,43.9
2017-02-11 02:16 AM,71.24,43.7
2017-02-11 02:17 AM,71.42,44.2
2017-02-11 02:18 AM,71.42,43.4
2017-02-11 02:19 AM,71.42,43.3
2017-02-11 02:20 AM,71.42,41.7
2017-02-11 02:21 AM,71.24,42.7
2017-02-11 02:22 AM,71.42,43.1
2017-02-11 02:23 AM,71.42,43.1
2017-02-11 02:24 AM,71.42,43.4
2017-02-11 02:25 AM,71.42,43.5
2017-02-11 02:26 AM,71.42,41.7
2017-02-11 02:27 AM,71.24,42.4
2017-02-11 02:28 AM,71.42,43.2
2017-02-11 02:29 AM,71.42,43.6
2017-02-11 02:30 AM,71.42,43.7
2017-02-11 02:31 AM,71.42,43.2
2017-02-11 02:32 AM,71.42,42.2
2017-02-11 02:33 AM,71.24,42.0
2017-02-11 02:34 AM,71.42,42.1
2017-02-11 02:35 AM,71.42,42.1
2017-02-11 02:36 AM,71.24,41.6
2017-02-11 02:37 AM,71.24,41.6
2017-02-11 02:38 AM,71.24,41.6
2017-02-11 02:39 AM,71.24,41.6
2017-02-11 02:40 AM,71.24,41.9
2017-02-11 02:41 AM,71.06,41.5
2017-02-11 02:42 AM,71.06,41.9
2017-02-11 02:43 AM,71.06,41.5
2017-02-11 02:44 AM,71.24,42.0
2017-02-11 02:45 AM,71.24,41.6
2017-02-11 02:46 AM,71.24,42.1
2017-02-11 02:47 AM,71.24,41.6
2017-02-11 02:48 AM,71.24,41.6
2017-02-11 02:49 AM,71.24,42.1
2017-02-11 02:50 AM,71.24,41.9
2017-02-11 02:51 AM,71.06,42.2
2017-02-11 02:52 AM,71.24,41.6
2017-02-11 02:53 AM,71.06,41.5
2017-02-11 02:54 AM,71.06,41.5
2017-02-11 02:55 AM,71.06,41.5
2017-02-11 02:56 AM,70.88,41.4
2017-02-11 02:57 AM,70.88,41.4
2017-02-11 02:58 AM,70.88,42.3
2017-02-11 03:00 AM,70.88,42.2
2017-02-11 03:01 AM,70.88,42.4
2017-02-11 03:02 AM,70.88,41.4
2017-02-11 03:03 AM,70.88,42.1
2017-02-11 03:04 AM,70.88,41.4
2017-02-11 03:05 AM,70.88,41.4
2017-02-11 03:06 AM,70.88,41.4
2017-02-11 03:07 AM,70.88,41.4
2017-02-11 03:08 AM,70.88,41.4
2017-02-11 03:09 AM,70.88,41.4
2017-02-11 03:10 AM,70.88,41.4
2017-02-11 03:11 AM,70.88,42.0
2017-02-11 03:12 AM,70.88,41.4
2017-02-11 03:13 AM,70.88,41.8
2017-02-11 03:14 AM,70.88,42.6
2017-02-11 03:15 AM,70.88,41.7
2017-02-11 03:16 AM,70.88,41.7
2017-02-11 03:17 AM,70.88,41.5
2017-02-11 03:18 AM,70.88,41.4
2017-02-11 03:19 AM,70.88,41.6
2017-02-11 03:20 AM,70.88,41.8
2017-02-11 03:21 AM,70.88,42.0
2017-02-11 03:22 AM,70.88,41.5
2017-02-11 03:23 AM,70.88,41.6
2017-02-11 03:24 AM,70.88,41.5
2017-02-11 03:25 AM,70.88,41.6
2017-02-11 03:26 AM,70.88,41.4
2017-02-11 03:27 AM,70.7,41.3
2017-02-11 03:28 AM,70.7,42.0
2017-02-11 03:29 AM,70.7,41.7
2017-02-11 03:30 AM,70.7,42.2
2017-02-11 03:31 AM,70.7,43.3
2017-02-11 03:32 AM,70.7,43.8
2017-02-11 03:33 AM,70.7,43.4
2017-02-11 03:34 AM,70.7,43.4
2017-02-11 03:35 AM,70.7,42.6
2017-02-11 03:36 AM,70.7,42.2
2017-02-11 03:37 AM,70.7,41.3
2017-02-11 03:38 AM,70.7,41.3
2017-02-11 03:39 AM,70.52,41.2
2017-02-11 03:40 AM,70.52,42.9
2017-02-11 03:41 AM,70.52,43.1
2017-02-11 03:42 AM,70.52,42.5
2017-02-11 03:43 AM,70.52,41.2
2017-02-11 03:44 AM,70.52,42.8
2017-02-11 03:45 AM,70.34,43.6
2017-02-11 03:46 AM,70.52,43.4
2017-02-11 03:47 AM,70.52,43.2
2017-02-11 03:48 AM,70.34,41.5
2017-02-11 03:49 AM,70.34,41.5
2017-02-11 03:50 AM,70.34,44.0
2017-02-11 03:51 AM,70.52,44.1
2017-02-11 03:52 AM,70.52,44.0
2017-02-11 03:53 AM,70.52,44.1
2017-02-11 03:54 AM,70.52,44.3
2017-02-11 03:55 AM,70.52,41.4
2017-02-11 03:56 AM,70.34,43.7
2017-02-11 03:57 AM,70.16,43.4
2017-02-11 03:58 AM,69.98,38.7
2017-02-11 03:59 AM,69.8,43.7
2017-02-11 04:00 AM,69.8,43.7
2017-02-11 04:01 AM,69.62,42.8
2017-02-11 04:02 AM,69.44,43.7
2017-02-11 04:03 AM,69.62,44.6
2017-02-11 04:04 AM,69.62,42.6
2017-02-11 04:05 AM,69.62,44.6
2017-02-11 04:06 AM,69.62,45.0
2017-02-11 04:07 AM,69.62,44.5
2017-02-11 04:08 AM,69.8,44.1
2017-02-11 04:09 AM,69.8,44.0
2017-02-11 04:10 AM,69.8,44.8
2017-02-11 04:11 AM,69.8,44.0
2017-02-11 04:12 AM,69.98,44.7
2017-02-11 04:13 AM,69.98,44.4
2017-02-11 04:14 AM,69.98,44.3
2017-02-11 04:15 AM,69.98,44.4
2017-02-11 04:16 AM,70.16,44.8
2017-02-11 04:17 AM,70.16,44.7
2017-02-11 04:18 AM,70.34,44.7
2017-02-11 04:19 AM,70.34,44.3
2017-02-11 04:20 AM,70.34,44.6
2017-02-11 04:21 AM,70.34,44.5
2017-02-11 04:22 AM,70.34,44.3
2017-02-11 04:23 AM,70.34,43.5
2017-02-11 04:24 AM,70.34,44.4
2017-02-11 04:26 AM,70.34,44.3
2017-02-11 04:27 AM,70.52,44.4
2017-02-11 04:28 AM,70.34,41.9
2017-02-11 04:29 AM,70.34,43.5
2017-02-11 04:30 AM,70.16,42.8
2017-02-11 04:31 AM,70.16,42.8
2017-02-11 04:32 AM,70.16,44.3
2017-02-11 04:33 AM,70.16,43.4
2017-02-11 04:34 AM,70.16,44.6
2017-02-11 04:35 AM,70.16,44.5
2017-02-11 04:36 AM,70.34,44.7
2017-02-11 04:37 AM,70.34,43.8
2017-02-11 04:38 AM,70.34,44.6
2017-02-11 04:39 AM,70.34,43.9
2017-02-11 04:40 AM,70.34,44.2
2017-02-11 04:41 AM,70.34,44.5
2017-02-11 04:42 AM,70.34,44.3
2017-02-11 04:43 AM,70.34,44.3
2017-02-11 04:44 AM,70.34,44.4
2017-02-11 04:45 AM,70.34,44.4
2017-02-11 04:46 AM,70.34,42.8
2017-02-11 04:47 AM,70.16,41.0
2017-02-11 04:48 AM,69.98,43.8
2017-02-11 04:49 AM,69.98,43.4
2017-02-11 04:50 AM,69.98,44.6
2017-02-11 04:51 AM,69.98,41.3
2017-02-11 04:52 AM,69.98,44.5
2017-02-11 04:53 AM,69.98,44.1
2017-02-11 04:54 AM,69.98,44.0
2017-02-11 04:55 AM,69.98,40.9
2017-02-11 04:56 AM,69.8,44.2
2017-02-11 04:57 AM,69.8,44.8
2017-02-11 04:58 AM,69.8,44.2
2017-02-11 04:59 AM,69.8,44.8
2017-02-11 05:00 AM,69.8,44.6
2017-02-11 05:01 AM,69.98,44.6
2017-02-11 05:02 AM,69.98,44.0
2017-02-11 05:03 AM,69.98,44.1
2017-02-11 05:04 AM,69.98,44.7
2017-02-11 05:05 AM,69.98,44.5
2017-02-11 05:06 AM,69.98,44.5
2017-02-11 05:07 AM,69.98,44.5
2017-02-11 05:08 AM,69.98,44.4
2017-02-11 05:09 AM,70.16,44.5
2017-02-11 05:10 AM,70.16,44.6
2017-02-11 05:11 AM,70.16,44.6
2017-02-11 05:12 AM,70.16,43.8
2017-02-11 05:13 AM,70.16,44.5
2017-02-11 05:14 AM,70.16,44.5
2017-02-11 05:15 AM,70.16,44.3
2017-02-11 05:16 AM,70.16,44.3
2017-02-11 05:17 AM,70.16,41.0
2017-02-11 05:18 AM,69.98,44.1
2017-02-11 05:19 AM,69.98,43.5
2017-02-11 05:20 AM,69.98,44.2
2017-02-11 05:21 AM,69.98,43.8
2017-02-11 05:22 AM,69.98,44.4
2017-02-11 05:23 AM,69.98,44.4
2017-02-11 05:24 AM,69.98,43.8
2017-02-11 05:25 AM,69.98,42.9
2017-02-11 05:26 AM,69.98,44.3
2017-02-11 05:27 AM,69.98,44.5
2017-02-11 05:28 AM,69.98,44.4
2017-02-11 05:29 AM,69.98,44.4
2017-02-11 05:30 AM,69.98,43.9
2017-02-11 05:31 AM,69.98,43.8
2017-02-11 05:32 AM,69.98,40.9
2017-02-11 05:33 AM,69.8,43.8
2017-02-11 05:34 AM,69.8,39.5
2017-02-11 05:35 AM,69.44,43.8
2017-02-11 05:36 AM,69.26,40.4
2017-02-11 05:37 AM,69.26,44.3
2017-02-11 05:38 AM,69.08,44.0
2017-02-11 05:39 AM,69.26,44.0
2017-02-11 05:40 AM,69.26,44.6
2017-02-11 05:41 AM,69.44,44.6
2017-02-11 05:42 AM,69.62,44.6
2017-02-11 05:43 AM,69.44,44.5
2017-02-11 05:44 AM,69.44,40.5
2017-02-11 05:45 AM,69.26,42.6
2017-02-11 05:46 AM,69.26,44.5
2017-02-11 05:47 AM,69.26,44.7
2017-02-11 05:48 AM,69.44,44.6
2017-02-11 05:49 AM,69.44,44.5
2017-02-11 05:50 AM,69.44,43.0
2017-02-11 05:52 AM,69.08,37.0
2017-02-11 05:53 AM,68.0,44.6
2017-02-11 05:54 AM,68.0,44.7
2017-02-11 05:55 AM,68.0,44.8
2017-02-11 05:56 AM,68.18,45.1
2017-02-11 05:57 AM,68.36,45.0
2017-02-11 05:58 AM,68.54,44.7
2017-02-11 05:59 AM,68.72,45.0
2017-02-11 06:00 AM,68.72,44.8
2017-02-11 06:01 AM,68.9,44.3
2017-02-11 06:02 AM,68.9,42.2
2017-02-11 06:03 AM,68.9,43.7
2017-02-11 06:04 AM,68.9,44.5
2017-02-11 06:05 AM,69.08,44.6
2017-02-11 06:06 AM,69.08,44.2
2017-02-11 06:07 AM,69.26,44.6
2017-02-11 06:08 AM,69.44,44.5
2017-02-11 06:09 AM,69.44,43.0
2017-02-11 06:10 AM,69.26,40.4
2017-02-11 06:11 AM,69.26,44.1
2017-02-11 06:12 AM,69.26,44.3
2017-02-11 06:13 AM,69.44,44.4
2017-02-11 06:14 AM,69.44,42.9
2017-02-11 06:15 AM,69.44,44.2
2017-02-11 06:16 AM,69.44,44.2
2017-02-11 06:17 AM,69.44,44.1
2017-02-11 06:18 AM,69.44,44.1
2017-02-11 06:19 AM,69.62,44.2
2017-02-11 06:20 AM,69.62,43.7
2017-02-11 06:21 AM,69.62,44.1
2017-02-11 06:22 AM,69.62,44.1
2017-02-11 06:23 AM,69.62,44.1
2017-02-11 06:24 AM,69.62,44.0
2017-02-11 06:25 AM,69.8,43.8
2017-02-11 06:26 AM,69.62,44.0
2017-02-11 06:27 AM,69.8,41.8
2017-02-11 06:28 AM,69.62,44.0
2017-02-11 06:29 AM,69.8,44.1
2017-02-11 06:30 AM,69.8,44.1
2017-02-11 06:31 AM,69.8,44.1
2017-02-11 06:32 AM,69.8,42.9
2017-02-11 06:33 AM,69.8,43.9
2017-02-11 06:34 AM,69.62,43.8
2017-02-11 06:35 AM,69.8,44.0
2017-02-11 06:36 AM,69.8,44.0
2017-02-11 06:37 AM,69.8,44.0
2017-02-11 06:38 AM,69.62,43.7
2017-02-11 06:39 AM,69.62,43.8
2017-02-11 06:40 AM,69.8,43.0
2017-02-11 06:41 AM,69.62,43.2
2017-02-11 06:42 AM,69.62,43.8
2017-02-11 06:43 AM,69.62,43.0
2017-02-11 06:44 AM,69.62,43.4
2017-02-11 06:45 AM,69.44,42.1
2017-02-11 06:46 AM,69.44,43.8
2017-02-11 06:47 AM,69.44,43.7
2017-02-11 06:48 AM,69.44,43.8
2017-02-11 06:49 AM,69.44,44.0
2017-02-11 06:50 AM,69.44,43.9
2017-02-11 06:51 AM,69.62,43.9
2017-02-11 06:52 AM,69.62,44.0
2017-02-11 06:53 AM,69.62,43.9
2017-02-11 06:54 AM,69.62,43.8
2017-02-11 06:55 AM,69.62,42.1
2017-02-11 06:56 AM,69.44,40.7
2017-02-11 06:57 AM,69.44,43.1
2017-02-11 06:58 AM,68.72,39.3
2017-02-11 06:59 AM,68.36,42.0
2017-02-11 07:00 AM,68.0,44.1
2017-02-11 07:01 AM,68.0,44.3
2017-02-11 07:02 AM,68.0,44.7
2017-02-11 07:03 AM,68.18,44.6
2017-02-11 07:04 AM,68.36,44.3
2017-02-11 07:05 AM,68.54,40.0
2017-02-11 07:06 AM,68.54,40.0
2017-02-11 07:07 AM,68.36,39.9
2017-02-11 07:08 AM,68.18,44.2
2017-02-11 07:09 AM,68.18,44.7
2017-02-11 07:11 AM,68.36,40.6
2017-02-11 07:12 AM,68.36,39.9
2017-02-11 07:13 AM,68.36,44.4
2017-02-11 07:14 AM,68.54,42.9
2017-02-11 07:15 AM,68.54,43.6
2017-02-11 07:16 AM,68.54,43.7
2017-02-11 07:17 AM,68.54,44.6
2017-02-11 07:18 AM,68.72,44.7
2017-02-11 07:19 AM,68.9,44.7
2017-02-11 07:20 AM,68.9,44.6
2017-02-11 07:21 AM,68.9,44.4
2017-02-11 07:22 AM,69.08,44.5
2017-02-11 07:23 AM,69.08,43.6
2017-02-11 07:24 AM,69.08,42.3
2017-02-11 07:25 AM,69.08,44.0
2017-02-11 07:26 AM,69.08,43.1
2017-02-11 07:27 AM,69.08,44.3
2017-02-11 07:28 AM,69.08,44.3
2017-02-11 07:29 AM,69.08,44.0
2017-02-11 07:30 AM,69.08,42.1
2017-02-11 07:31 AM,69.08,44.0
2017-02-11 07:32 AM,69.26,44.1
2017-02-11 07:33 AM,69.26,43.8
2017-02-11 07:34 AM,69.26,44.0
2017-02-11 07:35 AM,69.26,44.0
2017-02-11 07:36 AM,69.26,43.9
2017-02-11 07:37 AM,69.44,43.9
2017-02-11 07:38 AM,69.44,43.9
2017-02-11 07:39 AM,69.44,43.8
2017-02-11 07:40 AM,69.44,43.5
2017-02-11 07:41 AM,69.44,43.7
2017-02-11 07:42 AM,69.44,43.8
2017-02-11 07:43 AM,69.44,43.7
2017-02-11 07:44 AM,69.44,43.7
2017-02-11 07:45 AM,69.44,43.6
2017-02-11 07:46 AM,69.44,43.4
2017-02-11 07:47 AM,69.44,43.4
2017-02-11 07:48 AM,69.44,43.1
2017-02-11 07:49 AM,69.44,41.7
2017-02-11 07:50 AM,69.44,43.4
2017-02-11 07:51 AM,69.44,43.5
2017-02-11 07:52 AM,69.26,43.3
2017-02-11 07:53 AM,69.26,43.3
2017-02-11 07:54 AM,69.26,43.3
2017-02-11 07:55 AM,69.26,42.7
2017-02-11 07:56 AM,69.26,43.3
2017-02-11 07:57 AM,69.26,42.4
2017-02-11 07:58 AM,69.08,40.3
2017-02-11 07:59 AM,68.72,42.9
2017-02-11 08:00 AM,68.36,42.2
2017-02-11 08:01 AM,68.36,43.5
2017-02-11 08:02 AM,68.18,43.8
2017-02-11 08:03 AM,68.54,43.9
2017-02-11 08:04 AM,68.54,43.9
2017-02-11 08:06 AM,68.54,43.8
2017-02-11 08:07 AM,68.72,43.5
2017-02-11 08:08 AM,68.72,43.4
2017-02-11 08:09 AM,68.9,43.6
2017-02-11 08:10 AM,68.9,43.4
2017-02-11 08:11 AM,68.9,43.6
2017-02-11 08:12 AM,68.9,43.4
2017-02-11 08:13 AM,68.9,43.5
2017-02-11 08:14 AM,68.9,43.5
2017-02-11 08:15 AM,68.9,43.6
2017-02-11 08:16 AM,68.9,42.6
2017-02-11 08:17 AM,68.9,43.4
2017-02-11 08:18 AM,69.08,43.4
2017-02-11 08:19 AM,69.08,43.4
2017-02-11 08:20 AM,69.08,43.4
2017-02-11 08:21 AM,69.08,43.1
2017-02-11 08:22 AM,69.08,43.2
2017-02-11 08:23 AM,69.08,43.0
2017-02-11 08:24 AM,69.08,43.1
2017-02-11 08:25 AM,69.26,43.1
2017-02-11 08:26 AM,69.26,43.0
2017-02-11 08:27 AM,69.26,43.1
2017-02-11 08:28 AM,69.08,43.2
2017-02-11 08:29 AM,69.26,43.2
2017-02-11 08:30 AM,69.26,43.3
2017-02-11 08:31 AM,69.26,43.2
2017-02-11 08:32 AM,69.26,43.2
2017-02-11 08:33 AM,69.44,43.4
2017-02-11 08:34 AM,69.44,43.3
2017-02-11 08:35 AM,69.44,43.2
2017-02-11 08:36 AM,69.44,43.1
2017-02-11 08:37 AM,69.26,43.0
2017-02-11 08:38 AM,69.26,40.4
2017-02-11 08:39 AM,69.26,42.9
2017-02-11 08:40 AM,69.26,43.2
2017-02-11 08:41 AM,69.26,43.4
2017-02-11 08:42 AM,69.26,43.8
2017-02-11 08:43 AM,69.26,44.0
2017-02-11 08:44 AM,69.44,44.3
2017-02-11 08:45 AM,69.44,44.9
2017-02-11 08:46 AM,69.44,45.5
2017-02-11 08:47 AM,69.26,46.0
2017-02-11 08:48 AM,69.44,47.1
2017-02-11 08:49 AM,69.44,47.1
2017-02-11 08:50 AM,69.44,47.1
2017-02-11 08:51 AM,69.44,46.7
2017-02-11 08:52 AM,69.44,46.8
2017-02-11 08:53 AM,69.44,46.3
2017-02-11 08:54 AM,69.44,46.2
2017-02-11 08:55 AM,69.44,46.2
2017-02-11 08:56 AM,69.62,46.2
2017-02-11 08:57 AM,69.62,46.0
2017-02-11 08:58 AM,69.62,45.8
2017-02-11 08:59 AM,69.62,45.5
2017-02-11 09:00 AM,69.44,45.3
2017-02-11 09:01 AM,69.62,45.2
2017-02-11 09:02 AM,69.62,45.2
2017-02-11 09:03 AM,69.62,45.1
2017-02-11 09:04 AM,69.62,44.8
2017-02-11 09:05 AM,69.62,44.5
2017-02-11 09:06 AM,69.62,44.4
2017-02-11 09:07 AM,69.62,44.4
2017-02-11 09:08 AM,69.44,44.1
2017-02-11 09:10 AM,69.44,44.1
2017-02-11 09:11 AM,69.62,44.1
2017-02-11 09:12 AM,69.62,44.2
2017-02-11 09:13 AM,69.62,44.3
2017-02-11 09:14 AM,69.62,44.3
2017-02-11 09:15 AM,69.62,44.1
2017-02-11 09:16 AM,69.44,43.6
2017-02-11 09:17 AM,69.44,43.4
2017-02-11 09:18 AM,69.44,43.6
2017-02-11 09:19 AM,69.44,43.4
2017-02-11 09:20 AM,69.44,43.4
2017-02-11 09:21 AM,69.44,43.4
2017-02-11 09:22 AM,69.44,43.4
2017-02-11 09:23 AM,69.08,43.0
2017-02-11 09:24 AM,69.08,43.0
2017-02-11 09:25 AM,69.08,43.5
2017-02-11 09:26 AM,69.08,43.7
2017-02-11 09:27 AM,69.08,43.4
2017-02-11 09:28 AM,68.9,42.8
2017-02-11 09:29 AM,69.08,43.4
2017-02-11 09:30 AM,69.08,43.4
2017-02-11 09:31 AM,69.08,43.3
2017-02-11 09:32 AM,69.08,43.2
2017-02-11 09:33 AM,69.08,42.7
2017-02-11 09:34 AM,69.08,43.1
2017-02-11 09:35 AM,69.08,43.0
2017-02-11 09:36 AM,69.08,42.2
2017-02-11 09:37 AM,69.08,42.8
2017-02-11 09:38 AM,69.08,42.9
2017-02-11 09:39 AM,69.08,43.0
2017-02-11 09:40 AM,69.08,42.9
2017-02-11 09:41 AM,69.08,42.8
2017-02-11 09:42 AM,69.08,42.7
2017-02-11 09:43 AM,69.08,42.5
2017-02-11 09:44 AM,69.08,42.5
2017-02-11 09:45 AM,69.08,41.5
2017-02-11 09:46 AM,69.08,40.4
2017-02-11 09:47 AM,68.9,42.5
2017-02-11 09:48 AM,68.9,42.7
2017-02-11 09:49 AM,68.9,42.8
2017-02-11 09:50 AM,68.9,40.2
2017-02-11 09:51 AM,68.72,40.1
2017-02-11 09:52 AM,68.72,42.6
2017-02-11 09:53 AM,68.54,42.6
2017-02-11 09:54 AM,68.54,43.1
2017-02-11 09:56 AM,68.54,41.3
2017-02-11 09:57 AM,68.54,41.1
2017-02-11 09:58 AM,68.54,42.7
2017-02-11 09:59 AM,68.54,42.6
2017-02-11 10:00 AM,68.54,42.4
2017-02-11 10:01 AM,68.54,41.7
2017-02-11 10:02 AM,68.72,42.4
2017-02-11 10:03 AM,68.72,42.5
2017-02-11 10:04 AM,68.72,42.4
2017-02-11 10:05 AM,68.72,42.5
2017-02-11 10:06 AM,68.72,41.8
2017-02-11 10:07 AM,68.72,42.1
2017-02-11 10:08 AM,68.72,41.4
2017-02-11 10:09 AM,68.72,40.5
2017-02-11 10:10 AM,68.54,42.0
2017-02-11 10:11 AM,68.54,42.0
2017-02-11 10:12 AM,68.54,40.0
2017-02-11 10:13 AM,68.36,39.2
2017-02-11 10:14 AM,68.0,39.7
2017-02-11 10:15 AM,67.82,40.2
2017-02-11 10:16 AM,67.82,40.9
2017-02-11 10:17 AM,67.64,41.7
2017-02-11 10:18 AM,67.64,42.2
2017-02-11 10:19 AM,67.82,42.5
2017-02-11 10:20 AM,67.82,40.4
2017-02-11 10:21 AM,67.64,39.6
2017-02-11 10:22 AM,67.64,41.0
2017-02-11 10:23 AM,67.46,41.3
2017-02-11 10:24 AM,67.46,42.3
2017-02-11 10:25 AM,67.46,42.5
2017-02-11 10:26 AM,67.64,42.7
2017-02-11 10:27 AM,67.64,40.9
2017-02-11 10:28 AM,67.64,41.7
2017-02-11 10:29 AM,67.64,42.3
2017-02-11 10:30 AM,67.82,42.6
2017-02-11 10:31 AM,68.0,41.9
2017-02-11 10:32 AM,68.0,42.0
2017-02-11 10:33 AM,68.0,42.4
2017-02-11 10:34 AM,68.0,42.3
2017-02-11 10:35 AM,68.0,42.0
2017-02-11 10:36 AM,68.0,42.1
2017-02-11 10:37 AM,68.18,41.9
2017-02-11 10:38 AM,68.18,42.0
2017-02-11 10:39 AM,68.18,41.9
2017-02-11 10:40 AM,68.18,42.0
2017-02-11 10:41 AM,68.18,42.0
2017-02-11 10:42 AM,68.18,39.8
2017-02-11 10:43 AM,68.0,40.4
2017-02-11 10:44 AM,68.0,41.6
2017-02-11 10:45 AM,68.18,41.1
2017-02-11 10:46 AM,68.0,40.2
2017-02-11 10:47 AM,68.0,41.6
2017-02-11 10:48 AM,68.0,42.0
2017-02-11 10:49 AM,68.0,41.5
2017-02-11 10:50 AM,68.0,41.4
2017-02-11 10:51 AM,68.18,41.6
2017-02-11 10:52 AM,68.18,41.7
2017-02-11 10:53 AM,68.18,41.8
2017-02-11 10:54 AM,68.18,41.7
2017-02-11 10:55 AM,68.0,39.7
2017-02-11 10:56 AM,67.82,40.5
2017-02-11 10:57 AM,67.82,40.1
2017-02-11 10:58 AM,67.64,41.3
2017-02-11 10:59 AM,67.82,41.9
2017-02-11 11:00 AM,67.82,42.0
2017-02-11 11:01 AM,67.82,41.4
2017-02-11 11:02 AM,67.82,41.7
2017-02-11 11:03 AM,68.0,41.8
2017-02-11 11:04 AM,68.0,41.8
2017-02-11 11:05 AM,68.0,41.2
2017-02-11 11:06 AM,68.0,39.7
2017-02-11 11:07 AM,68.0,41.4
2017-02-11 11:08 AM,68.18,41.3
2017-02-11 11:09 AM,68.0,41.5
2017-02-11 11:10 AM,68.18,41.0
2017-02-11 11:11 AM,68.0,41.5
2017-02-11 11:12 AM,68.18,41.4
2017-02-11 11:13 AM,68.18,41.4
2017-02-11 11:14 AM,68.18,41.2
2017-02-11 11:15 AM,68.18,41.3
2017-02-11 11:16 AM,68.18,41.2
2017-02-11 11:17 AM,68.18,41.4
2017-02-11 11:18 AM,68.18,39.9
2017-02-11 11:19 AM,68.18,40.3
2017-02-11 11:20 AM,68.18,40.9
2017-02-11 11:21 AM,68.18,41.0
2017-02-11 11:22 AM,68.18,41.1
2017-02-11 11:23 AM,68.18,37.1
2017-02-11 11:24 AM,68.0,39.7
2017-02-11 11:25 AM,68.0,39.7
2017-02-11 11:27 AM,68.0,39.7
2017-02-11 11:28 AM,68.0,40.2
2017-02-11 11:29 AM,68.0,40.8
2017-02-11 11:30 AM,67.82,40.8
2017-02-11 11:31 AM,68.0,40.8
2017-02-11 11:32 AM,68.0,40.7
2017-02-11 11:33 AM,68.0,40.9
2017-02-11 11:34 AM,68.18,40.9
2017-02-11 11:35 AM,68.18,40.9
2017-02-11 11:36 AM,68.18,40.9
2017-02-11 11:37 AM,68.18,40.9
2017-02-11 11:38 AM,68.18,40.8
2017-02-11 11:39 AM,68.18,40.7
2017-02-11 11:40 AM,68.36,40.7
2017-02-11 11:41 AM,68.36,40.8
2017-02-11 11:42 AM,68.18,39.8
2017-02-11 11:43 AM,68.18,39.8
2017-02-11 11:44 AM,68.18,39.8
2017-02-11 11:45 AM,68.18,39.8
2017-02-11 11:46 AM,68.18,40.1
2017-02-11 11:47 AM,68.36,40.8
2017-02-11 11:48 AM,68.18,40.4
2017-02-11 11:49 AM,68.36,40.2
2017-02-11 11:50 AM,68.36,40.2
2017-02-11 11:51 AM,68.36,40.1
2017-02-11 11:52 AM,68.36,40.2
2017-02-11 11:53 AM,68.36,40.3
2017-02-11 11:54 AM,68.36,39.9
2017-02-11 11:55 AM,68.36,39.9
2017-02-11 11:56 AM,68.36,39.9
2017-02-11 11:57 AM,68.54,40.5
2017-02-11 11:58 AM,68.36,40.7
2017-02-11 11:59 AM,68.36,40.7
2017-02-11 12:00 PM,68.54,40.1
2017-02-11 12:01 PM,68.36,39.9
2017-02-11 12:02 PM,68.36,40.0
2017-02-11 12:03 PM,68.36,40.0
2017-02-11 12:04 PM,68.36,38.7
2017-02-11 12:05 PM,68.36,39.9
2017-02-11 12:06 PM,68.36,39.9
2017-02-11 12:07 PM,68.36,39.9
2017-02-11 12:08 PM,68.36,39.9
2017-02-11 12:09 PM,68.36,39.9
2017-02-11 12:10 PM,68.36,39.9
2017-02-11 12:11 PM,68.36,39.9
2017-02-11 12:12 PM,68.36,37.5
2017-02-11 12:13 PM,68.36,37.6
2017-02-11 12:14 PM,68.36,39.9
2017-02-11 12:15 PM,68.36,39.9
2017-02-11 12:16 PM,68.36,39.9
2017-02-11 12:17 PM,68.36,39.9
2017-02-11 12:18 PM,68.36,39.9
2017-02-11 12:19 PM,68.36,39.9
2017-02-11 12:20 PM,68.36,39.9
2017-02-11 12:21 PM,68.36,39.9
2017-02-11 12:22 PM,68.54,40.0
2017-02-11 12:23 PM,68.54,40.0
2017-02-11 12:24 PM,68.54,40.0
2017-02-11 12:25 PM,68.54,40.0
2017-02-11 12:26 PM,68.54,40.0
2017-02-11 12:27 PM,68.54,40.0
2017-02-11 12:29 PM,68.54,40.0
2017-02-11 12:30 PM,68.54,40.0
2017-02-11 12:31 PM,68.54,38.4
2017-02-11 12:32 PM,68.54,38.4
2017-02-11 12:33 PM,68.54,39.1
2017-02-11 12:34 PM,68.54,39.1
2017-02-11 12:35 PM,68.54,38.5
2017-02-11 12:36 PM,68.54,40.0
2017-02-11 12:37 PM,68.54,40.0
2017-02-11 12:38 PM,68.54,40.0
2017-02-11 12:39 PM,68.54,40.0
2017-02-11 12:40 PM,68.54,40.0
2017-02-11 12:41 PM,68.54,40.0
2017-02-11 12:42 PM,68.54,39.5
2017-02-11 12:43 PM,68.54,39.7
2017-02-11 12:44 PM,68.54,38.6
2017-02-11 12:45 PM,68.54,40.0
2017-02-11 12:46 PM,68.54,40.0
2017-02-11 12:47 PM,68.72,40.1
2017-02-11 12:48 PM,68.72,40.1
2017-02-11 12:49 PM,68.54,40.0
2017-02-11 12:50 PM,68.72,40.1
2017-02-11 12:51 PM,68.72,39.5
2017-02-11 12:52 PM,68.72,39.6
2017-02-11 12:53 PM,68.72,39.3
2017-02-11 12:54 PM,68.72,40.1
2017-02-11 12:55 PM,68.72,40.1
2017-02-11 12:56 PM,68.72,40.1
2017-02-11 12:57 PM,68.72,39.6
2017-02-11 12:58 PM,68.72,39.8
2017-02-11 12:59 PM,68.72,40.1
2017-02-11 01:00 PM,68.72,40.1
2017-02-11 01:01 PM,68.72,40.1
2017-02-11 01:02 PM,68.72,40.1
2017-02-11 01:03 PM,68.72,40.1
2017-02-11 01:04 PM,68.72,40.1
2017-02-11 01:05 PM,68.72,40.1
2017-02-11 01:06 PM,68.72,40.1
2017-02-11 01:07 PM,68.9,40.2
2017-02-11 01:08 PM,68.9,40.2
2017-02-11 01:10 PM,68.9,40.2
2017-02-11 01:11 PM,68.9,40.2
2017-02-11 01:12 PM,68.9,40.2
2017-02-11 01:13 PM,68.9,40.2
2017-02-11 01:14 PM,68.9,40.2
2017-02-11 01:15 PM,69.08,40.3
2017-02-11 01:16 PM,68.9,40.2
2017-02-11 01:17 PM,68.9,40.2
2017-02-11 01:18 PM,68.9,40.2
2017-02-11 01:19 PM,68.9,40.2
2017-02-11 01:20 PM,69.08,40.3
2017-02-11 01:21 PM,68.9,40.2
2017-02-11 01:22 PM,68.9,40.2
2017-02-11 01:23 PM,68.9,40.2
2017-02-11 01:24 PM,69.08,40.3
2017-02-11 01:25 PM,69.08,40.3
2017-02-11 01:26 PM,69.08,40.3
2017-02-11 01:27 PM,69.08,40.3
2017-02-11 01:28 PM,69.08,40.3
2017-02-11 01:29 PM,69.08,40.3
2017-02-11 01:30 PM,69.08,40.3
2017-02-11 01:31 PM,69.08,38.2
2017-02-11 01:32 PM,68.9,40.2
2017-02-11 01:33 PM,69.08,40.3
2017-02-11 01:34 PM,68.9,39.5
2017-02-11 01:35 PM,68.9,39.5
2017-02-11 01:36 PM,68.9,40.2
2017-02-11 01:37 PM,68.9,40.2
2017-02-11 01:38 PM,68.9,40.2
2017-02-11 01:39 PM,68.9,40.2
2017-02-11 01:40 PM,69.08,40.3
2017-02-11 01:41 PM,69.08,40.3
2017-02-11 01:42 PM,68.9,40.0
2017-02-11 01:43 PM,69.08,40.3
2017-02-11 01:44 PM,69.08,40.3
2017-02-11 01:45 PM,69.08,40.3
2017-02-11 01:46 PM,69.08,38.8
2017-02-11 01:47 PM,69.08,40.0
2017-02-11 01:48 PM,69.08,40.3
2017-02-11 01:49 PM,69.08,40.3
2017-02-11 01:50 PM,69.08,40.3
2017-02-11 01:51 PM,69.26,38.3
2017-02-11 01:52 PM,69.08,39.2
2017-02-11 01:53 PM,69.08,40.3
2017-02-11 01:54 PM,68.9,39.4
2017-02-11 01:55 PM,69.08,38.2
2017-02-11 01:56 PM,68.9,38.4
2017-02-11 01:57 PM,68.9,38.5
2017-02-11 01:58 PM,68.72,38.8
2017-02-11 01:59 PM,68.72,38.7
2017-02-11 02:00 PM,68.72,40.1
2017-02-11 02:01 PM,68.72,40.1
2017-02-11 02:02 PM,68.72,39.2
2017-02-11 02:03 PM,68.72,38.2
2017-02-11 02:04 PM,68.72,36.6
2017-02-11 02:06 PM,68.54,38.3
2017-02-11 02:07 PM,68.54,40.0
2017-02-11 02:08 PM,68.54,38.1
2017-02-11 02:09 PM,68.36,38.1
2017-02-11 02:10 PM,68.36,39.9
2017-02-11 02:11 PM,68.36,39.5
2017-02-11 02:12 PM,68.54,40.0
2017-02-11 02:13 PM,68.72,40.1
2017-02-11 02:14 PM,68.54,40.0
2017-02-11 02:15 PM,68.72,40.1
2017-02-11 02:16 PM,68.72,40.1
2017-02-11 02:17 PM,68.9,40.2
2017-02-11 02:18 PM,68.9,40.2
2017-02-11 02:19 PM,68.9,40.2
2017-02-11 02:20 PM,69.08,40.3
2017-02-11 02:21 PM,69.08,40.3
2017-02-11 02:22 PM,69.08,40.3
2017-02-11 02:23 PM,69.08,40.3
2017-02-11 02:24 PM,69.08,40.3
2017-02-11 02:25 PM,69.08,37.9
2017-02-11 02:26 PM,68.9,36.3
2017-02-11 02:27 PM,68.72,39.1
2017-02-11 02:28 PM,68.72,40.1
2017-02-11 02:29 PM,68.72,40.1
2017-02-11 02:30 PM,68.72,40.1
2017-02-11 02:31 PM,68.9,40.2
2017-02-11 02:32 PM,68.9,40.2
2017-02-11 02:33 PM,68.9,40.2
2017-02-11 02:34 PM,69.08,40.3
2017-02-11 02:35 PM,69.08,40.3
2017-02-11 02:36 PM,69.26,40.4
2017-02-11 02:37 PM,69.26,40.4
2017-02-11 02:38 PM,69.26,40.4
